sequence,pred_dg
ECFAWKGDAETHY,-48.037391662597656
MVARWGMFHTIHE,-47.93690490722656
KFINRNRQFPVSN,-47.48295211791992
FIIKNMYHNQCII,-45.97481918334961
QYFCWVHTKDTQG,-45.84104537963867
RKKVKYFFFTRMP,-45.80963897705078
KIIVRMSGTRGRW,-45.666770935058594
KYVNSFFRQKKKT,-45.5353889465332
RKPMKIKGQFWTG,-45.51384735107422
FIKVRKSFCDPQI,-44.586517333984375
HGKPRYMFQVYMD,-44.459495544433594
KIYYSMGQHFDWP,-44.35844421386719
AQYSWRHFHECFY,-44.096092224121094
QKPKSNDMPFDMD,-44.07728576660156
MKVNFKRSCWKQC,-44.04295349121094
MRKVMLPMFTGPV,-43.928558349609375
YCKKHLKEHHTHF,-43.694427490234375
IMNQNSHGFNIDK,-43.67732238769531
MTSRKFLNFTLTK,-43.492431640625
HKNKWIAPETFVM,-43.443695068359375
KHGNWYHFCHCVY,-43.282386779785156
HISDWHGMHIYHH,-43.23529815673828
RRKWYHVCPHMDW,-42.88634490966797
HMAHWFQYEFNFF,-42.81202697753906
RGKKQYQYKTISF,-42.792694091796875
GPGMIQSFSGIWK,-42.611854553222656
HMFMWAGEKGCGG,-42.39756774902344
KMRWYPVYHMQQQ,-42.23335647583008
MCFYWQSKNRFPV,-42.199180603027344
CFIKWMKHKIMKQ,-42.1888427734375
